{
  "bag_file": "/home/tianyu/codes/Mid360map/data/clean_bags/raw_sensors/raw_sensors_0.db3",
  "analysis_timestamp": "2025-09-23T16:22:01",
  "topics": {
    "/livox/imu": {
      "message_count": 25725,
      "duration": 129.8654716014862,
      "avg_frequency": 198.08960521039373,
      "avg_interval": 0.005048416715965099,
      "std_interval": 0.015355775357152528,
      "min_interval": 4.5299530029296875e-06,
      "max_interval": 2.463700294494629,
      "interval_outliers": 1
    },
    "/livox/lidar": {
      "message_count": 1299,
      "duration": 129.79902410507202,
      "avg_frequency": 10.007779403244683,
      "avg_interval": 0.09999924815490911,
      "std_interval": 0.013261895657633254,
      "min_interval": 0.00016641616821289062,
      "max_interval": 0.4334080219268799,
      "interval_outliers": 2
    },
    "/tf_static": {
      "message_count": 13,
      "duration": 1.6608827114105225,
      "avg_frequency": 7.827163176958842,
      "avg_interval": 0.13840689261754355,
      "std_interval": 0.2293526179126776,
      "min_interval": 5.9604644775390625e-06,
      "max_interval": 0.6810400485992432,
      "interval_outliers": 0
    }
  },
  "issues": [
    "IMU时间抖动过大: 15.4ms",
    "/livox/imu: 1 个异常时间间隔",
    "/livox/lidar: 2 个异常时间间隔"
  ]
}